vendor_key,client_id,nominal_code,account_name,times_seen,last_updated
2025--15_19--53_ios paul keating: car wash,Client_001,287,Car Wash,1,2026-05-07T14:05:43.069780+00:00
2025--16_19--19_ios paul keating: car wash,Client_001,287,Car Wash,1,2026-05-07T14:05:43.069780+00:00
2025--17_09--57_ios paul keating: car wash,Client_001,287,Car Wash,1,2026-05-07T14:05:43.069780+00:00
2025--23_12--33_ios paul keating: car wash,Client_001,287,Car Wash,1,2026-05-07T14:05:43.069780+00:00
2025--28_12--13_ios paul keating: car wash,Client_001,287,Car Wash,1,2026-05-07T14:05:43.069780+00:00
2025--28_21--01_ios paul keating: car wash,Client_001,287,Car Wash,1,2026-05-07T14:05:43.069780+00:00
2025--28_21--32_ios paul keating: parking toll charges,Client_001,104,Parking & Toll Charges,1,2026-05-07T14:05:43.069780+00:00
2025--31_13--16_ios paul keating: car wash,Client_001,287,Car Wash,1,2026-05-07T14:05:43.069780+00:00
2026--01_21--13_ios paul keating: car wash,Client_001,287,Car Wash,1,2026-05-07T14:05:43.069780+00:00
2026--04_14--33_ios paul keating: car wash,Client_001,287,Car Wash,1,2026-05-07T14:05:43.069780+00:00
2026--06_14--05_ios paul keating: car wash,Client_001,287,Car Wash,1,2026-05-07T14:05:43.069780+00:00
2026--09_11--34_ios paul keating: car wash,Client_001,287,Car Wash,1,2026-05-07T14:05:43.069780+00:00
2026--15_11--35_ios paul keating: car wash,Client_001,287,Car Wash,1,2026-05-07T14:05:43.069780+00:00
2026--26_22--27_ios paul keating: car wash,Client_001,287,Car Wash,1,2026-05-07T14:05:43.069780+00:00
2026--27_21--15_ios paul keating: car wash,Client_001,287,Car Wash,1,2026-05-07T14:05:43.069780+00:00
2026--28_13--55_ios paul keating: car wash,Client_001,287,Car Wash,1,2026-05-07T14:05:43.069780+00:00
2026--31_09--44_ios paul keating: car wash,Client_001,287,Car Wash,1,2026-05-07T14:05:43.069780+00:00
airport tariff www.apcoa.co. gb parking toll charges,Client_001,104,Parking & Toll Charges,1,2026-05-07T14:05:43.069780+00:00
alan day volkswagen nw3 gb motor expense car tax,Client_001,286,Motor Expense - Car Tax,1,2026-05-07T14:05:43.069780+00:00
amazon ispropanolpdf paul keating: motor expenses maintenance,Client_001,281,Motor Expenses - Maintenance,1,2026-05-07T14:05:43.069780+00:00
amazon j95er40g5 gb motor expenses,Client_001,283,Motor Expenses,1,2026-05-07T14:05:43.069780+00:00
amazon n22es3ku4 multi charger passengers office equipment,Client_001,271,Office Equipment,1,2026-05-07T14:05:43.069780+00:00
anduff car wash limite buckinghamshi gb car wash,Client_001,287,Car Wash,1,2026-05-07T14:05:43.069780+00:00
apcoa hal ss t5 middlesex gb parking toll charges,Client_001,104,Parking & Toll Charges,1,2026-05-07T14:05:43.069780+00:00
apcoa parking drop off parking toll charges,Client_001,104,Parking & Toll Charges,1,2026-05-07T14:05:43.069780+00:00
apcoa parking gb parking toll charges,Client_001,104,Parking & Toll Charges,1,2026-05-07T14:05:43.069780+00:00
apcoa-hal-ss t2 middlesex gb parking toll charges,Client_001,104,Parking & Toll Charges,1,2026-05-07T14:05:43.069780+00:00
apple.com/bill ie parking toll charges,Client_001,104,Parking & Toll Charges,1,2026-05-07T14:05:43.069780+00:00
ava heathrow parking toll charges,Client_001,104,Parking & Toll Charges,1,2026-05-07T14:05:43.069780+00:00
bell insurance brokers grimsby additional premium new id7 motor expenses insurance,Client_001,282,Motor Expenses - Insurance,1,2026-05-07T14:05:43.069780+00:00
booking.com dorchester paul keating: lodging/hotels,Client_001,285,Lodging/Hotels,1,2026-05-07T14:05:43.069780+00:00
booking.com shepton mallet paul keating: lodging/hotels,Client_001,285,Lodging/Hotels,1,2026-05-07T14:05:43.069780+00:00
"boots opticians tfl licence form completion statutory fees, licenses permits",Client_001,367,"Statutory Fees, Licenses and permits",1,2026-05-07T14:05:43.069780+00:00
bounce back loan (loan repayment) bounce back loan,Client_001,731,Bounce Back Loan,1,2026-05-07T14:05:43.069780+00:00
bounce back loan (loan repayment) interest payable,Client_001,362,Interest Payable,1,2026-05-07T14:05:43.069780+00:00
brimsmore gardens yeovil gb subsistence,Client_001,284,Subsistence,1,2026-05-07T14:05:43.069780+00:00
brought forward,Client_001,731,Bounce Back Loan,3,2026-05-07T14:05:43.069780+00:00
car wash (cash) paul keating: car wash,Client_001,287,Car Wash,1,2026-05-07T14:05:43.069780+00:00
car wash paul keating: car wash,Client_001,287,Car Wash,1,2026-05-07T14:05:43.069780+00:00
cassandra's cup ichauffeur tour job no hours a/d subsistence,Client_001,284,Subsistence,1,2026-05-07T14:05:43.069780+00:00
"disclosure barring liverpool gb statutory fees, licenses permits",Client_001,367,"Statutory Fees, Licenses and permits",1,2026-05-07T14:05:43.069780+00:00
disposal mercedes e200d clear accumulated depreciation,Client_001,386,Motor Expenses — Car Tax — Private Use,1,2026-05-07T14:05:43.069780+00:00
disposal mercedes e200d remove balance sheet after sale,Client_001,386,Motor Expenses — Car Tax — Private Use,1,2026-05-07T14:05:43.069780+00:00
dvla (direct debit) motor expense car tax,Client_001,286,Motor Expense - Car Tax,1,2026-05-07T14:05:43.069780+00:00
ev boost charge paul keating: ev charging,Client_001,105,EV Charging,1,2026-05-07T14:05:43.069780+00:00
"fadv.co.uk know your people dbs certificate statutory fees, licenses permits",Client_001,367,"Statutory Fees, Licenses and permits",1,2026-05-07T14:05:43.069780+00:00
five star service stat gb motor expenses maintenance,Client_001,281,Motor Expenses - Maintenance,1,2026-05-07T14:05:43.069780+00:00
fleet south pret fleet gb subsistence,Client_001,284,Subsistence,1,2026-05-07T14:05:43.069780+00:00
food brighton subsistence,Client_001,284,Subsistence,1,2026-05-07T14:05:43.069780+00:00
gatwick airport ss nor gatwick gb parking toll charges,Client_001,104,Parking & Toll Charges,1,2026-05-07T14:05:43.069780+00:00
gatwick airport ss sou gatwick gb parking toll charges,Client_001,104,Parking & Toll Charges,1,2026-05-07T14:05:43.069780+00:00
gatwick airport-ss nor gatwick gb parking toll charges,Client_001,104,Parking & Toll Charges,1,2026-05-07T14:05:43.069780+00:00
gatwick drop off crawley gb parking toll charges,Client_001,104,Parking & Toll Charges,1,2026-05-07T14:05:43.069780+00:00
greggs dorchester gb subsistence,Client_001,284,Subsistence,1,2026-05-07T14:05:43.069780+00:00
greggs nunney catch frome gb subsistence,Client_001,284,Subsistence,1,2026-05-07T14:05:43.069780+00:00
greggs shepton malle gb subsistence,Client_001,284,Subsistence,1,2026-05-07T14:05:43.069780+00:00
gridserve omm iver gb ev charging,Client_001,105,EV Charging,1,2026-05-07T14:05:43.069780+00:00
halfords balham gb motor expenses maintenance,Client_001,281,Motor Expenses - Maintenance,1,2026-05-07T14:05:43.069780+00:00
halfords windscreen wiper motor expenses maintenance,Client_001,281,Motor Expenses - Maintenance,1,2026-05-07T14:05:43.069780+00:00
"hotel booking.com ichauffeur tour bath, somerset dorchester lodging/hotels",Client_001,285,Lodging/Hotels,1,2026-05-07T14:05:43.069780+00:00
imo car wash elmers en kent gb car wash,Client_001,287,Car Wash,1,2026-05-07T14:05:43.069780+00:00
imo car wash merton sw19 gb car wash,Client_001,287,Car Wash,1,2026-05-07T14:05:43.069780+00:00
imo car wash wincheste winchester gb car wash,Client_001,287,Car Wash,1,2026-05-07T14:05:43.069780+00:00
intelligent drive pack subscription paul keating: ev charging,Client_001,105,EV Charging,1,2026-05-07T14:05:43.069780+00:00
intellitax accounting fees,Client_001,292,Accountancy Fees,1,2026-05-07T14:05:43.069780+00:00
interest interest payable,Client_001,362,Interest Payable,1,2026-05-07T14:05:43.069780+00:00
invoice,Client_001,681,Trade Debtors,2,2026-05-07T14:05:43.069780+00:00
invoice receipt against invoice receipt,Client_001,681,Trade Debtors,2,2026-05-07T14:05:43.069780+00:00
justpark gb parking toll charges,Client_001,104,Parking & Toll Charges,1,2026-05-07T14:05:43.069780+00:00
"la bella restaurant shepton mallet ichauffeur tour bath, somerset dorchester subsistence",Client_001,284,Subsistence,1,2026-05-07T14:05:43.069780+00:00
lidl great britain lim surbiton gb ev charging,Client_001,105,EV Charging,1,2026-05-07T14:05:43.069780+00:00
luton exp drop off www.apcoa.co. gb parking toll charges,Client_001,104,Parking & Toll Charges,1,2026-05-07T14:05:43.069780+00:00
mcdonalds job no bath subsistence,Client_001,284,Subsistence,1,2026-05-07T14:05:43.069780+00:00
mileiq annual sub mileiq.com ca computer software,Client_001,269,Computer Software,1,2026-05-07T14:05:43.069780+00:00
nandos.co.uk dorchester subsistence,Client_001,284,Subsistence,1,2026-05-07T14:05:43.069780+00:00
national trust warminster gb subsistence,Client_001,284,Subsistence,1,2026-05-07T14:05:43.069780+00:00
"north medical centre fee tfl medical report (cash) paul keating: statutory fees, licenses permits",Client_001,367,"Statutory Fees, Licenses and permits",1,2026-05-07T14:05:43.069780+00:00
nyx asda frome gb motor expenses maintenance,Client_001,281,Motor Expenses - Maintenance,1,2026-05-07T14:05:43.069780+00:00
nyx bp tyre pressure motor expenses maintenance,Client_001,281,Motor Expenses - Maintenance,1,2026-05-07T14:05:43.069780+00:00
nyx motorfuellimited radstock gb motor expenses maintenance,Client_001,281,Motor Expenses - Maintenance,1,2026-05-07T14:05:43.069780+00:00
nyx petrogas tyre pressure motor expenses maintenance,Client_001,281,Motor Expenses - Maintenance,1,2026-05-07T14:05:43.069780+00:00
nyx shell dorchester gb motor expenses maintenance,Client_001,281,Motor Expenses - Maintenance,1,2026-05-07T14:05:43.069780+00:00
o2 (direct debit) telephone,Client_001,274,Telephone,1,2026-05-07T14:05:43.069780+00:00
octopus intelligent drive pack paul keating: ev charging,Client_001,105,EV Charging,1,2026-05-07T14:05:43.069780+00:00
one hand car wash thornton heat gb car wash,Client_001,287,Car Wash,1,2026-05-07T14:05:43.069780+00:00
park with ease northwich gb parking toll charges,Client_001,104,Parking & Toll Charges,1,2026-05-07T14:05:43.069780+00:00
paybyphone re taunton hatfield gb parking toll charges,Client_001,104,Parking & Toll Charges,1,2026-05-07T14:05:43.069780+00:00
personal use,Client_001,275,Telephone - Private Use,2,2026-05-07T14:05:43.069780+00:00
personal use adjustment,Client_001,386,Motor Expenses — Car Tax — Private Use,8,2026-05-07T14:05:43.069780+00:00
personal use adjustments,Client_001,115,EV Charging - Private Use,3,2026-05-07T14:05:43.069780+00:00
pk25tax,Client_001,386,Motor Expenses — Car Tax — Private Use,1,2026-05-07T14:05:43.069780+00:00
post office counter gb postage,Client_001,358,Postage,1,2026-05-07T14:05:43.069780+00:00
post office counter return p22exe licence tfl postage,Client_001,358,Postage,1,2026-05-07T14:05:43.069780+00:00
pret manger // winchester egham subsistence,Client_001,284,Subsistence,1,2026-05-07T14:05:43.069780+00:00
private hire insurance policy number: hvntx-,Client_001,282,Motor Expenses - Insurance,1,2026-05-07T14:05:43.069780+00:00
ringgo parking lb gb parking toll charges,Client_001,104,Parking & Toll Charges,1,2026-05-07T14:05:43.069780+00:00
rush hill car wash bath gb car wash,Client_001,287,Car Wash,1,2026-05-07T14:05:43.069780+00:00
sainsburys s/mkts frome gb motor expenses maintenance,Client_001,281,Motor Expenses - Maintenance,1,2026-05-07T14:05:43.069780+00:00
sainsburys wandsworth tyre pressure motor expenses maintenance,Client_001,281,Motor Expenses - Maintenance,1,2026-05-07T14:05:43.069780+00:00
"shepton brasserie shepton mallet ichauffeur tour bath, somerset dorchester subsistence",Client_001,284,Subsistence,1,2026-05-07T14:05:43.069780+00:00
"sq blended kitchen bath ichauffeur tour bath, somerset dorchester subsistence",Client_001,284,Subsistence,1,2026-05-07T14:05:43.069780+00:00
sq ndreu2000 frome gb car wash,Client_001,287,Car Wash,1,2026-05-07T14:05:43.069780+00:00
stansted parking stansted gb parking toll charges,Client_001,104,Parking & Toll Charges,1,2026-05-07T14:05:43.069780+00:00
star car wash paul keating: car wash,Client_001,287,Car Wash,1,2026-05-07T14:05:43.069780+00:00
star car wash thornton heath paul keating: car wash,Client_001,287,Car Wash,1,2026-05-07T14:05:43.069780+00:00
"taxi private hire tfl ph license fees statutory fees, licenses permits",Client_001,367,"Statutory Fees, Licenses and permits",1,2026-05-07T14:05:43.069780+00:00
telefonica limi (direct credit) telephone,Client_001,274,Telephone,1,2026-05-07T14:05:43.069780+00:00
tesco paul keating: telephone,Client_001,274,Telephone,1,2026-05-07T14:05:43.069780+00:00
tfl,Client_001,367,"Statutory Fees, Licenses and permits",2,2026-05-07T14:05:43.069780+00:00
uber bv (faster payments in) bank/finance charges,Client_001,363,Bank/Finance Charges,1,2026-05-07T14:05:43.069780+00:00
uber instant pay fees bank/finance charges,Client_001,363,Bank/Finance Charges,1,2026-05-07T14:05:43.069780+00:00
under green wood dorchester gb subsistence,Client_001,284,Subsistence,1,2026-05-07T14:05:43.069780+00:00
use home simplified expenses £/month year ended march,Client_001,366,Use Of Home,1,2026-05-07T14:05:43.069780+00:00
vw id7 pk25tax hampstead vw jun,Client_001,620,Prepayments,1,2026-05-07T14:05:43.069780+00:00
vw id7 registration fee,Client_001,386,Motor Expenses — Car Tax — Private Use,2,2026-05-07T14:05:43.069780+00:00
"waitrose water pax water, tissues newspapers passengers",Client_001,279,"Water, Tissues & Newspapers for Passengers",1,2026-05-07T14:05:43.069780+00:00
welcome break fleet no fleet north gb subsistence,Client_001,284,Subsistence,1,2026-05-07T14:05:43.069780+00:00
welcome break membury job no bath subsistence,Client_001,284,Subsistence,1,2026-05-07T14:05:43.069780+00:00
wise man inn dorchester gb subsistence,Client_001,284,Subsistence,1,2026-05-07T14:05:43.069780+00:00
www.amazon.dr. beckmann carpet stain remover motor expenses maintenance,Client_001,281,Motor Expenses - Maintenance,1,2026-05-07T14:05:43.069780+00:00
www.gov.uk/pay-dartfor leeds gb parking toll charges,Client_001,104,Parking & Toll Charges,1,2026-05-07T14:05:43.069780+00:00
